version,accuracy
1,1.004641895634544
2,1.080620631584336
3,0.960907792686776
4,1.005674352218684
5,1.054363276896760
6,0.947947874002595